Viral videos,https://www.facebook.com/Funny.AmazingPay,111376311881582,
Itz alone,https://www.facebook.com/AloneFFpage/,106152971338691,
Videos story,https://www.facebook.com/profile.php?id=100091444567393,???,Page transparency broken
وصفات سحرية مايا 2,https://www.facebook.com/profile.php?id=100089381106386,104810122505830,
Refrigeración DYE,https://www.facebook.com/dyedaniyeva,263141257664477,
Colglobal News,https://www.facebook.com/ColglobalNews,111276483770523,
Gubuk'sloter,https://www.facebook.com/kreatorsloter/,107931688422823,
Titip Untuk Mereka,https://www.facebook.com/titipuntukmereka,101512565662912,
Beauty & Wellness by Marynette Gamboa,https://www.facebook.com/profile.php?id=100063892908921,270529436967157,
DJ Mario Valentino,https://www.facebook.com/MarioValentino80,107479577724042,
Shatrudhan,https://www.facebook.com/profile.php?id=100089875449645,103012036040354,
เสน สุรินทร์ร็อค surin rock man,https://www.facebook.com/profile.php?id=100044563983832,2155420824541111,
Conviviendo Con Thomas,https://www.facebook.com/conviviendoconthomas,434816643637765,
Raffaele Castiglione,https://www.facebook.com/Raffaelecastiglio,591250728023738,
Zai,https://www.facebook.com/profile.php?id=100083011886816,101931425824973,
EyesfromHeavencandles Llc,https://www.facebook.com/DBeautiful0729,108042241623505,