,Domain,Registrar,NS,NS,Creation date,
,29510622.xyz,Alibaba Cloud Computing Ltd. d/b/a HiChina (www.net.cn),BRIANNA.NS.CLOUDFLARE.COM,JONAH.NS.CLOUDFLARE.COM,2023-01-19T15:55:29.0Z,
,aboutinvestmentbanker.com,"NameSilo, LLC",AUTUMN.NS.CLOUDFLARE.COM,JAVIER.NS.CLOUDFLARE.COM,2023-05-01T08:56:38Z,
,accuseswitchrampbarely.online,Namecheap,BONNIE.NS.CLOUDFLARE.COM,CULLEN.NS.CLOUDFLARE.COM,2023-04-28T10,
,adtostore.xyz,"NameSilo, LLC",ALEXANDRA.NS.CLOUDFLARE.COM,VENKAT.NS.CLOUDFLARE.COM,2022-09-16T06:13:27.0Z,
159.65.31.236,aglenetion.com,"NameCheap, Inc.",NS1.DIGITALOCEAN.COM,NS2.DIGITALOCEAN.COM,2023-03-14T08,
,ahdjsy.com,"NameSilo, LLC",KAYLEIGH.NS.CLOUDFLARE.COM,NEWT.NS.CLOUDFLARE.COM,2023-03-29T08,
,aiaigame.top,"NameSilo,LLC",amir.ns.cloudflare.com,melody.ns.cloudflare.com,2022-08-29T13:56:22Z,
,angelcomm30.shop, Alibaba Cloud Computing Ltd.,GARRET.NS.CLOUDFLARE.COM,MARLOWE.NS.CLOUDFLARE.COM,2023-03-06T19:35:06.0Z,
,aronkaa.com,"No match for domain ""ARONKAA.COM""",,,,
,aseantogel.club,"NameSilo, LLC",leland.ns.cloudflare.com,katja.ns.cloudflare.com,2023-01-17T14:49:36Z,
,asetqq.xyz,PDR Ltd. d/b/a PublicDomainRegistry.com,JOSELYN.NS.CLOUDFLARE.COM,KAISER.NS.CLOUDFLARE.COM,2022-09-14T13:30:06.0Z,
,avlxrnd.xyz,PDR Ltd. d/b/a PublicDomainRegistry.com,SIMA.NS.CLOUDFLARE.COM,STERLING.NS.CLOUDFLARE.COM,2022-09-21T15:25:35.0Z,
,balu8754.shop,Alibaba Cloud Computing Ltd.,GRACIE.NS.CLOUDFLARE.COM,HENRY.NS.CLOUDFLARE.COM,2023-03-06T19:14:27.0Z,
,beginstyle.top,"NameSilo,LLC",natasha.ns.cloudflare.com,renan.ns.cloudflare.com,2022-09-08T21,
,bespread.xyz,PDR Ltd. d/b/a PublicDomainRegistry.com,SONNY.NS.CLOUDFLARE.COM,TARA.NS.CLOUDFLARE.COM,2022-09-14T13,
,birtutambilim.top,"NameSilo,LLC",zara.ns.cloudflare.com,valentin.ns.cloudflare.com,2022-11-05T08,
,bitpromo.club,"NameSilo, LLC",leland.ns.cloudflare.com,katja.ns.cloudflare.com,2023-01-17T14:47:25Z,
,blowascope.com,Web Commerce Communications Limited dba WebNic.cc,KONNOR.NS.CLOUDFLARE.COM,RIHANA.NS.CLOUDFLARE.COM,2022-11-18T04:25:20Z,
,bluesatoshi.xyz,PDR Ltd. d/b/a PublicDomainRegistry.com,LEO.NS.CLOUDFLARE.COM,NOVA.NS.CLOUDFLARE.COM,2022-09-24T13,
,bowlcome.top,"NameSilo,LLC",dora.ns.cloudflare.com,anirban.ns.cloudflare.com,2022-09-13T08,
,bussound.top,"NameSilo,LLC",craig.ns.cloudflare.com,brit.ns.cloudflare.com,2022-09-13T06,
,camwomen.xyz,PDR Ltd. d/b/a PublicDomainRegistry.com,ROAN.NS.CLOUDFLARE.COM,SARAH.NS.CLOUDFLARE.COM,2022-09-21T11:17:24.0Z,
,carcloud.top,"NameSilo,LLC",anderson.ns.cloudflare.com,adrian.ns.cloudflare.com,2022-09-04T14:50:25Z,
,censuscd.top,"NameSilo,LLC",wilson.ns.cloudflare.com,venus.ns.cloudflare.com,2022-09-09T05:58:20Z,
,chattalk.top,"NameSilo,LLC",kevin.ns.cloudflare.com,demi.ns.cloudflare.com,2022-08-29T13:45:46Z,
,chulaalumni.com,Realtime Register B.V.,CAMILO.NS.CLOUDFLARE.COM,TEAGAN.NS.CLOUDFLARE.COM,2022-11-10T09,
,corteecostura.top,"NameSilo,LLC",natasha.ns.cloudflare.com,renan.ns.cloudflare.com,2022-09-08T21,
,coshame.club,"NameSilo,LLC",robert.ns.cloudflare.com,mariah.ns.cloudflare.com,2023-01-17T14:34:36Z,
,cryptomax.live,Alibaba Cloud Computing Ltd. d/b/a HiChina (www.net.cn),camilo.ns.cloudflare.com,bristol.ns.cloudflare.com,2023-03-06T18:59:31Z,
,customfind.top,"NameSilo,LLC",dora.ns.cloudflare.com,ned.ns.cloudflare.com,2022-08-28T10:21:54Z,
,dakepigomu.xyz,PDR Ltd. d/b/a PublicDomainRegistry.com,KATELYN.NS.CLOUDFLARE.COM,SALVADOR.NS.CLOUDFLARE.COM,2022-09-25T13,
,devcommit.xyz,PDR Ltd. d/b/a PublicDomainRegistry.com,CARL.NS.CLOUDFLARE.COM,JESSICA.NS.CLOUDFLARE.COM,2022-09-25T07:33:28.0Z,
,dnewz.xyz,PDR Ltd. d/b/a PublicDomainRegistry.com,ELLE.NS.CLOUDFLARE.COM,HASSLO.NS.CLOUDFLARE.COM,2022-09-25T13:40:27.0Z,
,donnorth.xyz,PDR Ltd. d/b/a PublicDomainRegistry.com,MAX.NS.CLOUDFLARE.COM,PHOENIX.NS.CLOUDFLARE.COM,2022-09-20T16,
,drugbush.top,"NameSilo,LLC",dilbert.ns.cloudflare.com,melina.ns.cloudflare.com,2022-09-04T07,
46.101.8.186,dumplitua.com,"NameCheap, Inc.",NS1.DIGITALOCEAN.COM,NS2.DIGITALOCEAN.COM,2023-03-20T08:41:05Z,GROUP1
,dwaqws.top,PDR Ltd,barbara.ns.cloudflare.com,ajay.ns.cloudflare.com,2022-09-25T07,
,elccloud.com,"NameSilo, LLC",HASSAN.NS.CLOUDFLARE.COM,SUE.NS.CLOUDFLARE.COM,2023-04-19T09:18:57Z,
,eugenesutherlin.xyz,PDR Ltd. d/b/a PublicDomainRegistry.com,ARCHER.NS.CLOUDFLARE.COM,CLARA.NS.CLOUDFLARE.COM,2022-09-20T10:25:42.0Z,
,ezinenakliyat.xyz,PDR Ltd. d/b/a PublicDomainRegistry.com,CONRAD.NS.CLOUDFLARE.COM,KAY.NS.CLOUDFLARE.COM,2022-09-16T19,
,ezwealthformula.com,"NameSilo, LLC",AUGUSTUS.NS.CLOUDFLARE.COM,ZELDA.NS.CLOUDFLARE.COM,2023-02-17T06:38:44Z,
,faultdutchcinnamonpalace.online,Namecheap,BONNIE.NS.CLOUDFLARE.COM,CULLEN.NS.CLOUDFLARE.COM,2023-04-28T13,
 46.101.1.201,fedromate.com,"NameCheap, Inc.",NS1.DIGITALOCEAN.COM,NS2.DIGITALOCEAN.COM,2023-02-17T08,
,fiatlove.com,"NameSilo, LLC",JAVON.NS.CLOUDFLARE.COM,LIZ.NS.CLOUDFLARE.COM,2022-10-28T13:36:26Z,
,fivebook.top,PDR Ltd,macy.ns.cloudflare.com,kipp.ns.cloudflare.com,2022-09-17T14:01:09Z,
,foreclosureavoidancepro.com,"NameSilo, LLC",JADE.NS.CLOUDFLARE.COM,KIANCHAU.NS.CLOUDFLARE.COM,2022-08-03T15,
,fricky.xyz,Alibaba Cloud Computing Ltd. d/b/a HiChina (www.net.cn),ALFRED.NS.CLOUDFLARE.COM,KEHLANI.NS.CLOUDFLARE.COM,2021-08-08T08:34:06.0Z,
,friv2019.live,Alibaba Cloud Computing Ltd. d/b/a HiChina (www.net.cn),lucy.ns.cloudflare.com,bjorn.ns.cloudflare.com,2023-03-06T18:57:10Z,
,funnybacara.shop,Alibaba Cloud Computing Ltd.,GRACIE.NS.CLOUDFLARE.COM,HENRY.NS.CLOUDFLARE.COM,2023-03-06T19:23:30.0Z,
,goldpornmovies.top,"NameSilo,LLC",coleman.ns.cloudflare.com,luciana.ns.cloudflare.com,2022-09-15T10,
,goodguygetit.com,"NameSilo,LLC",augustus.ns.cloudflare.com,zelda.ns.cloudflare.com,2023-02-19T07:11:08Z,
,guhdsg.xyz,PDR Ltd. d/b/a PublicDomainRegistry.com,GERARDO.NS.CLOUDFLARE.COM,INGRID.NS.CLOUDFLARE.COM,2022-09-18T07:07:34.0Z,
188.166.175.251,imaloce.com,"NameCheap, Inc.",NS1.DIGITALOCEAN.COM,NS2.DIGITALOCEAN.COM,2022-12-09T08,
,imtruman.top,PDR Ltd,dexter.ns.cloudflare.com,wren.ns.cloudflare.com,2022-10-30T18,
,investmenttodepositratio.com,"NameSilo, LLC",TREVOR.NS.CLOUDFLARE.COM,ZAINAB.NS.CLOUDFLARE.COM,2023-05-01T08:56:17Z,
,investmentwithchase.com,"NameSilo, LLC",EMMA.NS.CLOUDFLARE.COM,MACIEJ.NS.CLOUDFLARE.COM,2023-05-01T08:56:26Z,
,itacow.top,PDR Ltd,ernest.ns.cloudflare.com,alexia.ns.cloudflare.com,2022-09-21T15:28:50Z,
,jbqfgx.xyz,Dynadot LLC,DAVE.NS.CLOUDFLARE.COM,ZARA.NS.CLOUDFLARE.COM,2022-09-27T14,
,joslynbarket.xyz,PDR Ltd. d/b/a PublicDomainRegistry.com,CELESTE.NS.CLOUDFLARE.COM,TIM.NS.CLOUDFLARE.COM,2022-07-27T14,
,joslynbarket.xyz,PDR Ltd. d/b/a PublicDomainRegistry.com,CELESTE.NS.CLOUDFLARE.COM,TIM.NS.CLOUDFLARE.COM,2022-07-27T14,
,kabizlik.life,Alibaba Cloud Computing Ltd. d/b/a HiChina (www.net.cn),marlowe.ns.cloudflare.com,garret.ns.cloudflare.com,2023-03-06T18,
,khfash.top,PDR Ltd,watson.ns.cloudflare.com,serenity.ns.cloudflare.com,2022-09-25T12,
,kjhtech.com,"NameSilo, LLC",ADA.NS.CLOUDFLARE.COM,NOAH.NS.CLOUDFLARE.COM,2023-04-19T09,
,kunhaimaoyi.com,"GoDaddy.com, LLC",JOEL.NS.CLOUDFLARE.COM,SREENI.NS.CLOUDFLARE.COM,2019-07-26T13:46:22Z,
,legitsol.club,"NameSilo, LLC",dolly.ns.cloudflare.com,melnicoff.ns.cloudflare.com,2023-01-17T14:49:58Z,
,londonescorts.top,"NameSilo,LLC",keyla.ns.cloudflare.com,stan.ns.cloudflare.com,2022-09-08T21,
,lowpricepandora.top,"NameSilo, LLC",meiling.ns.cloudflare.com,dante.ns.cloudflare.com,2022-09-07T17:00:05Z,
,mafed.xyz,PDR Ltd. d/b/a PublicDomainRegistry.com,JASMINE.NS.CLOUDFLARE.COM,TOM.NS.CLOUDFLARE.COM,2022-09-18T07:12:28.0Z,
,mail-ikubinfo.com,"NameSilo, LLC",BRADY.NS.CLOUDFLARE.COM,SYDNEY.NS.CLOUDFLARE.COM,2022-11-17T07,
,margaritabrand.com/,"NameSilo, LLC",jean.ns.cloudflare.com,langston.ns.cloudflare.com,2022-08-29T07:00:00Z,
46.101.8.186,marketingware.co.uk,Heart Internet Ltd t/a Heart Internet,ns1.digitalocean.com,ns2.digitalocean.com,15-Mar-2010,GROUP1
,matt-lambert.co.uk,Heart Internet Ltd t/a Heart Internet,fred.ns.cloudflare.com,rita.ns.cloudflare.com,19-Jul-2009,GROUP1
,mduffvn.shop,"NameSilo, LLC",,,,
,mediaprintcopy.com,"NameSilo, LLC",TANNER.NS.CLOUDFLARE.COM,ULLA.NS.CLOUDFLARE.COM,2022-07-20T18:44:13Z,
,medslistusamen.com,"NameCheap, Inc.",ARMFAZH.NS.CLOUDFLARE.COM,ROSEMARY.NS.CLOUDFLARE.COM,2022-10-12T17,
,minchin.top,PDR Ltd,meg.ns.cloudflare.com,alec.ns.cloudflare.com,2022-09-14T14:02:35Z,
,minebeehive.top,"NameSilo, LLC",bart.ns.cloudflare.com,janet.ns.cloudflare.com,2022-09-15T11:09:14Z,
,mjghf.com,"NameSilo, LLC",ADA.NS.CLOUDFLARE.COM,NOAH.NS.CLOUDFLARE.COM,2023-04-19T09:18:47Z,
,moneycircle.top,"NameSilo,LLC",julian.ns.cloudflare.com,princess.ns.cloudflare.com,2022-09-23T06,
138.68.178.154,montleger.com,Porkbun LLC,ns1.digitalocean.com,ns2.digitalocean.com,2023-03-09 13:56:46,
,moonlaner.top,"NameSilo,LLC",chin.ns.cloudflare.com,damian.ns.cloudflare.com,2022-09-01T08:51:07Z,
,musedemuse.com,"OwnRegistrar, Inc.",CHAN.NS.CLOUDFLARE.COM,DAMON.NS.CLOUDFLARE.COM,2022-08-25T02,
,mycuesac.top,PDR Ltd,val.ns.cloudflare.com,donovan.ns.cloudflare.com,2022-09-14T14:01:02Z,
,myjingshui.com,"Alibaba Cloud Computing (Beijing) Co., Ltd.",AARAV.NS.CLOUDFLARE.COM,MAGNOLIA.NS.CLOUDFLARE.COM,2014-11-16T05:51:32Z,
,myjingshui.com,"Alibaba Cloud Computing (Beijing) Co., Ltd.",AARAV.NS.CLOUDFLARE.COM,MAGNOLIA.NS.CLOUDFLARE.COM;DNS10.HICHINA.COM;DNS9.HICHINA.COM;,2014-11-16T05,
,nanningzx.top,"NameSilo,LLC",cris.ns.cloudflare.com, alexandra.ns.cloudflare.com,2022-09-20T10:09:26Z,
,neeqe.xyz,PDR Ltd. d/b/a PublicDomainRegistry.com,WREN.NS.CLOUDFLARE.COM,TRACE.NS.CLOUDFLARE.COM,2022-07-12T13:13:00.0Z,
,onlineimigran.top,PDR Ltd,indie.ns.cloudflare.com,dax.ns.cloudflare.com,2022-09-17T14,
,oyundanhaber.xyz,PDR Ltd. d/b/a PublicDomainRegistry.com,LANGSTON.NS.CLOUDFLARE.COM,VENUS.NS.CLOUDFLARE.COM,2022-09-16T19:25:03.0Z,
,pauladiloka.xyz,PDR Ltd. d/b/a PublicDomainRegistry.com,FRIDA.NS.CLOUDFLARE.COM,TRACE.NS.CLOUDFLARE.COM,2022-09-21T15,
,pesonaindonesia.top,PDR Ltd,gordon.ns.cloudflare.com,hattie.ns.cloudflare.com,2022-10-17T14,
,phonemarket.top,PDR Ltd,venkat.ns.cloudflare.com,alexandra.ns.cloudflare.com,2022-09-13T14,
,plqjasm.top,"NameSilo,LLC",julissa.ns.cloudflare.com,rohin.ns.cloudflare.com,2022-09-20T10,
,ppshop.top,"NameSilo,LLC",seth.ns.cloudflare.com,isabel.ns.cloudflare.com,2022-09-07T07,
,presleynet.com,"OwnRegistrar, Inc.",keanu.ns.cloudflare.com,shaz.ns.cloudflare.com,2022-08-20T15:33:50Z,
,quchao.xyz,PDR Ltd. d/b/a PublicDomainRegistry.com,ACHIEL.NS.CLOUDFLARE.COM,DAWN.NS.CLOUDFLARE.COM,2022-09-25T07:33:32.0Z,
,raikeurope.com,Web Commerce Communications Limited dba WebNic.cc,MEADOW.NS.CLOUDFLARE.COM,ROMAN.NS.CLOUDFLARE.COM,2022-11-18T04:28:07Z,
,ratitudefor.top,PDR Ltd,major.ns.cloudflare.com,harmony.ns.cloudflare.com,2022-09-25T07:37:37Z,
,rbhotsale.top,"NameSilo,LLC",mario.ns.cloudflare.com,jessica.ns.cloudflare.com,2022-09-17T06,
DELETED,roinmklpvee.digital,"NameSilo, LLC",ns1.dnsowl.com,ns2.dnsowl.com,2023-05-08T06:26:05Z,
,rotubo.xyz,PDR Ltd. d/b/a PublicDomainRegistry.com,GALILEA.NS.CLOUDFLARE.COM,WESLEY.NS.CLOUDFLARE.COM,2022-09-25T07:34:32.0Z,
,rtfabstore.xyz,PDR Ltd. d/b/a PublicDomainRegistry.com,CORA.NS.CLOUDFLARE.COM,DEREK.NS.CLOUDFLARE.COM,2022-09-21T15,
,sacredportal.shop,Alibaba Cloud Computing Ltd.,BJORN.NS.CLOUDFLARE.COM,LUCY.NS.CLOUDFLARE.COM,2023-03-06T19:31:45.0Z,
,saglikverileri.xyz,PDR Ltd. d/b/a PublicDomainRegistry.com,GWEN.NS.CLOUDFLARE.COM,OSWALD.NS.CLOUDFLARE.COM,2022-09-17T11:58:18.0Z,
,sc994.com,"NameSilo, LLC",albert.ns.cloudflare.com,tiffany.ns.cloudflare.com,2023-03-29T08:05:12Z,
,schihubtw.top,The queried object does not exist: schihubtw.top,,,,
,sdxtswkj.com,"NameSilo, LLC",ALBERT.NS.CLOUDFLARE.COM,TIFFANY.NS.CLOUDFLARE.CO,2023-03-29T08:05:34Z,
,sellbitcoins.top,"NameSilo, LLC",magali.ns.cloudflare.com,vicente.ns.cloudflare.com,2022-08-25T10:42:59Z,
,seocrawlerrank.com,"NameSilo,LLC",TRICIA.NS.CLOUDFLARE.COM,RUBEN.NS.CLOUDFLARE.COM,2023-02-17T06:38:48Z,
,surprisefacts.xyz,PDR Ltd. d/b/a PublicDomainRegistry.com,MONIKA.NS.CLOUDFLARE.COM,RAZVAN.NS.CLOUDFLARE.COM,2022-09-13T09,
,tamplmediax.com,Key-Systems GmbH,JAIME.NS.CLOUDFLARE.COM,LILA.NS.CLOUDFLARE.COM,2023-05-02T12,
,texansjerseyvip.top,PDR Ltd,joaquin.ns.cloudflare.com,ivy.ns.cloudflare.com,2022-09-16T14,
,textloans.xyz,PDR Ltd. d/b/a PublicDomainRegistry.com,JEAN.NS.CLOUDFLARE.COM,MIGUEL.NS.CLOUDFLARE.COM,2022-09-16T19:50:18.0Z,
,thebenefactor.xyz,PDR Ltd. d/b/a PublicDomainRegistry.com,BRIT.NS.CLOUDFLARE.COM,HUXLEY.NS.CLOUDFLARE.COM,2022-09-19T13:25:35.0Z,
,thevonline.com,"NameSilo, LLC",ELAINE.NS.CLOUDFLARE.COM,THADDEUS.NS.CLOUDFLARE.COM,2022-08-03T15:38:45Z,
,tnccheap.top,"NameSilo,LLC",rajeev.ns.cloudflare.com,becky.ns.cloudflare.com,2022-09-21T10:54:19Z,
,totalinsurance.top,"NameSilo,LLC",alla.ns.cloudflare.com,malcolm.ns.cloudflare.com,2022-09-08T21,
,tracquisitions.com,"NameSilo, LLC",RUBEN.NS.CLOUDFLARE.COM,TRICIA.NS.CLOUDFLARE.COM,2023-02-19T07:10:58Z,
,trufflesque.xyz,Alibaba Cloud Computing Ltd. d/b/a HiChina (www.net.cn),QUENTIN.NS.CLOUDFLARE.COM,TESS.NS.CLOUDFLARE.COM,2023-02-06T07,
,trustrollup.com,Alibaba Cloud Computing Ltd. d/b/a HiChina (www.net.cn),AARAV.NS.CLOUDFLARE.COM,;MAGNOLIA.NS.CLOUDFLARE.COM;NS1.DAN.COM;NS2.DAN.COM;VERIFICATION-A6BLLCQD.NS3.DAN.HOSTING;,2022-03-26T04,
,tsxxswzny.xyz,PDR Ltd. d/b/a PublicDomainRegistry.com,DOM.NS.CLOUDFLARE.COM,VAL.NS.CLOUDFLARE.COM,2022-09-18T07,
,tuantai.top,PDR Ltd,barbara.ns.cloudflare.com,ajay.ns.cloudflare.com,2022-09-25T07,
,ueitayxy.xyz,PDR Ltd. d/b/a PublicDomainRegistry.com,HOWARD.NS.CLOUDFLARE.COM,OPHELIA.NS.CLOUDFLARE.COM,2022-09-18T07:09:23.0Z,
,ukhemp.top,"NameSilo,LLC",kenia.ns.cloudflare.com, jay.ns.cloudflare.com,2022-06-30T12:59:03Z,
,verapoag.com,Gname.com Pte. Ltd,ARYA.NS.CLOUDFLARE.COM,BRODIE.NS.CLOUDFLARE.COM,2022-08-29T05:09:26Z,
,videostreams.xyz,PDR Ltd. d/b/a PublicDomainRegistry.com,MELNICOFF.NS.CLOUDFLARE.COM,NOOR.NS.CLOUDFLARE.COM,2022-09-24T13,
,wgjbtvki.com,Realtime Register B.V.,CARLANE.NS.CLOUDFLARE.COM,QUENTIN.NS.CLOUDFLARE.COM,2022-08-17T08,
,wizardcrack.xyz,"NameSilo, LLC",RIYA.NS.CLOUDFLARE.COM,QUENTIN.NS.CLOUDFLARE.COM,2022-09-02T06,
,wnrncn.top,"NameSilo,LLC",margo.ns.cloudflare.com,lauryn.ns.cloudflare.com,2022-10-26T08,
,worstdoctor.top,"NameSilo,LLC",alina.ns.cloudflare.com,braden.ns.cloudflare.com,2022-08-24T14:44:57Z,
,z6trax.com,"NameSilo,LLC",TRICIA.NS.CLOUDFLARE.COM,RUBEN.NS.CLOUDFLARE.COM,2023-02-19T07:11:11Z,
46.101.24.72,zayessiver.com,"NameCheap, Inc.",NS1.DIGITALOCEAN.COM,NS2.DIGITALOCEAN.COM,2023-02-16T08,
,hqbdsmtube.com,"NameSilo, LLC",DONALD.NS.CLOUDFLARE.COM,MELINDA.NS.CLOUDFLARE.COM,2023-01-02T07,
,postinvestmentholdup.com,"NameSilo, LLC",EMMA.NS.CLOUDFLARE.COM,MACIEJ.NS.CLOUDFLARE.COM,2023-05-01T08,
,tuixuexi3.com,Alibaba Cloud Computing Ltd. d/b/a HiChina (www.net.cn),AARAV.NS.CLOUDFLARE.COM,MAGNOLIA.NS.CLOUDFLARE.COM;DNS10.HICHINA.COM;DNS9.HICHINA.COM;,2022-01-13T12,
,marquis-rents.com,"NameSilo, LLC",TANNER.NS.CLOUDFLARE.COM,ULLA.NS.CLOUDFLARE.COM,2022-07-20T18,
,rolluptrust.com,Alibaba Cloud Computing Ltd. d/b/a HiChina (www.net.cn),AARAV.NS.CLOUDFLARE.COM;MAGNOLIA.NS.CLOUDFLARE.COM;NS1.DAN.COM;NS2.DAN.COM;VERIFICATION-A6BLLCQD.NS3.DAN.HOSTING;,,2022-03-26T04,
,juaraqq.life,Alibaba Cloud Computing Ltd. d/b/a HiChina (www.net.cn),camilo.ns.cloudflare.com,bristol.ns.cloudflare.com,2023-03-06T18,
,025bmw.com,"NameSilo, LLC",HASSAN.NS.CLOUDFLARE.COM,SUE.NS.CLOUDFLARE.COM,2023-04-19T09,
,portemondiale.xyz,"NameSilo, LLC",ACHIEL.NS.CLOUDFLARE.COM;DOLLY.NS.CLOUDFLARE.COM;,SUE.NS.CLOUDFLARE.COM,2022-09-15T09,
,cheapprilosec.top,"NameSilo,LLC",ricardo.ns.cloudflare.com,zara.ns.cloudflare.com,2022-09-27T11,
,creatlab.xyz,"NameSilo, LLC",AMY.NS.CLOUDFLARE.COM,TADEO.NS.CLOUDFLARE.COM,2022-10-26T08,
,flyskyoo.top,"NameSilo,LLC",melissa.ns.cloudflare.com,bob.ns.cloudflare.com,2022-10-08T12,
,baldberry.xyz,PDR Ltd. d/b/a PublicDomainRegistry.com,ALBERTO.NS.CLOUDFLARE.COM,DORA.NS.CLOUDFLARE.COM,2022-09-14T13,
,magicos.top,"NameSilo,LLC",samara.ns.cloudflare.com,rommy.ns.cloudflare.com,2022-10-26T08,
,jfmjyo.xyz,PDR Ltd. d/b/a PublicDomainRegistry.com,ELINORE.NS.CLOUDFLARE.COM;MICAH.NS.CLOUDFLARE.COM;,,2022-09-24T08,
,pauladiloka.xyz,PDR Ltd. d/b/a PublicDomainRegistry.com,FRIDA.NS.CLOUDFLARE.COM,TRACE.NS.CLOUDFLARE.COM,2022-09-21T15,
,londonescorts.top,"NameSilo,LLC",keyla.ns.cloudflare.com,stan.ns.cloudflare.com,2022-09-08T21,
,temablogspot.xyz,"NameSilo, LLC",DEMI.NS.CLOUDFLARE.COM,JOEL.NS.CLOUDFLARE.COM,2022-10-18T07,
,commonbacara.shop,Alibaba Cloud Computing Ltd.,JEREMY.NS.CLOUDFLARE.COM,PALOMA.NS.CLOUDFLARE.COM,2023-03-06T19,
,cocinafacil.xyz,"NameSilo, LLC",ETTA.NS.CLOUDFLARE.COM,MARK.NS.CLOUDFLARE.COM,2022-10-14T12,
,mjghf.com,"NameSilo, LLC",ADA.NS.CLOUDFLARE.COM,NOAH.NS.CLOUDFLARE.COM,2023-04-19T09,
,slarposed.space,Namecheap,CHELSEA.NS.CLOUDFLARE.COM,WEST.NS.CLOUDFLARE.COM;,2023-05-09T17,
,simanfashion.top,"NameSilo,LLC",walk.ns.cloudflare.com,cameron.ns.cloudflare.com,2022-09-08T21,
,,,,,,
,temablogspot.xyz,,,,,
,harcland.com,,,,,
,ccjsh.com,,,,,
,investmentpastpapers.com,,,,,
,kf5.shop,,,,,
,lhylzv.com,,,,,
,investmentcriteriaforyou.com,,,,,
,isomarket.xyz,,,,,
,payrcard.xyz,,,,,